GROUP,PACKAGE,CLASS,INSTRUCTION_MISSED,INSTRUCTION_COVERED,BRANCH_MISSED,BRANCH_COVERED,LINE_MISSED,LINE_COVERED,COMPLEXITY_MISSED,COMPLEXITY_COVERED,METHOD_MISSED,METHOD_COVERED
ims,com.qa.ims.controller,ItemController,2,114,0,2,1,30,1,7,1,6
ims,com.qa.ims.controller,OrderActions,33,116,2,0,9,10,3,3,2,3
ims,com.qa.ims.controller,Action,33,83,2,0,9,9,3,3,2,3
ims,com.qa.ims.controller,CustomerController,2,108,0,2,1,30,1,7,1,6
ims,com.qa.ims.controller,OrderController,29,228,3,9,7,61,4,12,1,9
ims,com.qa.ims,Ims,312,35,40,2,93,9,32,4,6,3
ims,com.qa.ims,Runner,17,0,0,0,6,0,3,0,3,0
ims,com.qa.ims.persistence.dao,ItemDaoMysql,21,302,0,2,9,70,3,14,3,13
ims,com.qa.ims.persistence.dao,OrderDaoMysql,57,526,0,12,19,118,0,27,0,21
ims,com.qa.ims.persistence.dao,CustomerDaoMysql,9,313,0,2,3,76,0,17,0,16
ims,com.qa.ims.services,ItemServices,0,28,0,0,0,8,0,5,0,5
ims,com.qa.ims.services,OrderServices,0,52,0,0,0,16,0,10,0,10
ims,com.qa.ims.services,CustomerServices,0,28,0,0,0,8,0,5,0,5
ims,com.qa.ims.utils,Utils,8,0,0,0,2,0,1,0,1,0
ims,com.qa.ims.persistence.domain,Order,18,113,10,14,8,34,8,14,0,10
ims,com.qa.ims.persistence.domain,Domain,33,72,2,0,9,10,3,3,2,3
ims,com.qa.ims.persistence.domain,Item,0,134,0,24,0,42,0,22,0,10
ims,com.qa.ims.persistence.domain,Customer,45,131,6,24,6,42,4,22,1,10
